# Serious Injuries,# Visible Injuries,Agency Name (Crash Level) ,Date,Intersection Name (from Crash Report),KABCO Severity,Light Conditions (Crash Level),Location at Impact (Crash Level) ,Manner of Collision (Crash Level) ,Roadway (From Crash Report),Surface Condition (Crash Level) ,Time,Safety Equipment (Crash Level) ,Weather Conditions (Crash Level),# of Fatalities per Crash,Latitude,Longitude,Geolocated City,Geolocated County,Vehicle Condition (excluding No Known Defects),First Harmful Event (Unit Order),"Operator/Pedestrian Contrib Factor (excl None, Other, No Contrib Factors)",Most Harmful Event (Crash Level),crash_mode
0.0,1.0,Dekalb Co Police Department,2024-02-02,S Jolly Ave and Indian Creek Way,(B) Suspected Minor/Visible Injury,Daylight,On Roadway - Non-Intersection,Not a Collision with Motor Vehicle,Indian Creek Way,Dry,14:15:00,"[""None Used"",""Lap and Shoulder Belt Used"",""Lap and Shoulder Belt Used""]",Clear,0.0,33.79647612,-84.2403209,Unincorporated,DeKalb,,"[""Pedestrian"",""Pedestrian""]","[""Failure to Yield"",""Other Unit Contributed to Crash""]","[""Pedestrian"",""Pedestrian""]",Pedestrian
0.0,0.0,Dekalb Co Police Department,2024-02-08,Memorial Dr and 285 On Ramp Rp,(C) Possible Injury / Complaint,Dark-Not Lighted,On Roadway - Roadway Intersection,Not a Collision with Motor Vehicle,285 On Ramp Rp,Dry,18:56:00,"[""Unknown"",""None Used""]",Clear,0.0,33.77863914,-84.24082008,Unincorporated,DeKalb,,"[""Pedestrian"",""Motor Vehicle in Motion""]","Not Visible (Object, Person, or Vehicle)","[""Pedestrian"",""Motor Vehicle in Motion""]",Pedestrian
1.0,0.0,Emory Police Department,2024-02-13,Clifton Rd Ne and Woodruff Circle,(A) Suspected Serious Injury,Dawn,On Roadway - In Crosswalk,Not a Collision with Motor Vehicle,Clifton Rd Ne,Dry,07:13:00,"[""Unknown"",""Unknown""]",Clear,0.0,33.79308069,-84.32098036,Atlanta,DeKalb,,"[""Motor Vehicle in Motion"",""Pedestrian""]",Misjudged Clearance,"[""Pedestrian"",""Pedestrian""]",Pedestrian
0.0,1.0,Dekalb Co Police Department,2024-02-20,Beech Dr and Covington Hwy,(B) Suspected Minor/Visible Injury,Daylight,On Roadway - Roadway Intersection,Not a Collision with Motor Vehicle,Beech Dr,Dry,16:32:00,"[""Lap and Shoulder Belt Used"",""Lap and Shoulder Belt Used"",""None Used""]",Clear,0.0,33.76123037,-84.24721426,Unincorporated,DeKalb,,"[""Pedestrian"",""Motor Vehicle in Motion""]",Failure to Yield,"[""Motor Vehicle in Motion"",""Motor Vehicle in Motion""]",Pedestrian
0.0,0.0,Dekalb Co Police Department,2024-02-23,Dial Dr and Northern Ave,(C) Possible Injury / Complaint,Dark-Lighted,On Roadway - Roadway Intersection,Not a Collision with Motor Vehicle,Dial Dr,Dry,19:10:00,"[""None Used"",""Lap and Shoulder Belt Used""]",Clear,0.0,33.78706149,-84.24591799,Unincorporated,DeKalb,,"[""Pedestrian"",""Motor Vehicle in Motion""]",Cell Phone,"[""Pedestrian"",""Pedestrian""]",Pedestrian
0.0,1.0,Dekalb Co Police Department,2024-03-07,Lavista Rd and Briarcliff Rd,(B) Suspected Minor/Visible Injury,Daylight,On Roadway - Driveway Intersection,Not a Collision with Motor Vehicle,Briarcliff Rd,Dry,15:45:00,"[""None Used"",""Unknown""]",Clear,0.0,33.81493579,-84.33435135,Unincorporated,DeKalb,,"[""Motor Vehicle in Motion"",""Pedestrian""]","[""Failure to Yield"",""Other Unit Contributed to Crash""]","[""Motor Vehicle in Motion"",""Pedestrian""]",Pedestrian
1.0,0.0,Dekalb Co Police Department,2024-03-08,Columbia Dr and Belvedere Ln,(A) Suspected Serious Injury,Dark-Lighted,On Roadway - Non-Intersection,Not a Collision with Motor Vehicle,Columbia Dr,Wet,18:50:00,"[""None Used"",""Lap and Shoulder Belt Used""]",Rain,0.0,33.75013816,-84.2641002,Unincorporated,DeKalb,,"[""Pedestrian"",""Pedestrian""]","[""Inattentive or Other Distraction (Distracted)"",""Other Unit Contributed to Crash""]","[""Pedestrian"",""Pedestrian""]",Pedestrian
0.0,0.0,Decatur Police Department,2024-03-19,S Candler St and E College Ave,(C) Possible Injury / Complaint,Dark-Lighted,On Roadway - Roadway Intersection,Not a Collision with Motor Vehicle,E College Ave,Dry,21:39:00,Lap and Shoulder Belt Used,Clear,0.0,33.77106808,-84.29260114,Decatur,DeKalb,,"[""Motor Vehicle in Motion"",""Motor Vehicle in Motion""]",Failure to Yield,"[""Pedestrian"",""Pedestrian""]",Pedestrian
0.0,0.0,Atlanta Police Department,2024-03-28,Glenwood Ave Se and Maynard Terrace Se,(C) Possible Injury / Complaint,Dark-Lighted,On Roadway - In Crosswalk,Not a Collision with Motor Vehicle,Maynard Terrace Se,Dry,07:19:00,Lap and Shoulder Belt Used,Cloudy,0.0,33.74002987,-84.33503193,Atlanta,DeKalb,,"[""Motor Vehicle in Motion"",""Pedestrian""]",Failure to Yield,"[""Motor Vehicle in Motion"",""Pedestrian""]",Pedestrian
0.0,0.0,Dekalb Co Police Department,2024-04-01,Mcafee Rd and Candler Rd,(C) Possible Injury / Complaint,Daylight,On Roadway - Roadway Intersection,Not a Collision with Motor Vehicle,Mcafee Rd,Dry,12:55:00,"[""Unknown"",""Unknown"",""None Used""]",Clear,0.0,33.73184447,-84.28323351,Unincorporated,DeKalb,,"[""Pedestrian"",""Motor Vehicle in Motion""]",Failure to Yield,"[""Motor Vehicle in Motion"",""Motor Vehicle in Motion""]",Pedestrian
0.0,1.0,Emory Police Department,2024-04-01,Michael St and Clifton Rd Ne,(B) Suspected Minor/Visible Injury,Daylight,On Roadway - In Crosswalk,Not a Collision with Motor Vehicle,Michael St,Dry,09:08:00,"[""None Used"",""None Used""]",Cloudy,0.0,33.79569186,-84.32158049,Atlanta,DeKalb,,"[""Motor Vehicle in Motion"",""Pedestrian""]",Failure to Yield,"[""Motor Vehicle in Motion"",""Pedestrian""]",Pedestrian
0.0,0.0,Emory Police Department,2024-04-02,Avenue Place and Clifton Rd Ne,(O) No Injury,Daylight,On Roadway - In Crosswalk,Not a Collision with Motor Vehicle,Clifton Rd Ne,Dry,12:15:00,"[""None Used"",""Unknown""]",Clear,0.0,33.79975627,-84.32537917,Unincorporated,DeKalb,,"[""Motor Vehicle in Motion"",""Pedestrian""]",Disregard Stop Sign/Signal,"[""Motor Vehicle in Motion"",""Pedestrian""]",Pedestrian
0.0,1.0,Emory Police Department,2024-04-05,Clifton Rd Ne and Gatewood Rd Ne,(B) Suspected Minor/Visible Injury,Daylight,On Roadway - In Crosswalk,Not a Collision with Motor Vehicle,Clifton Rd Ne,Dry,12:53:00,"[""Lap and Shoulder Belt Used"",""Unknown""]",Clear,0.0,33.79713133,-84.32232012,Atlanta,DeKalb,,"[""Pedestrian"",""Motor Vehicle in Motion""]",Failure to Yield,"[""Pedestrian"",""Motor Vehicle in Motion""]",Pedestrian
1.0,0.0,Dekalb Co Police Department,2024-04-14,Columbia Dr and Glenwood Rd,(A) Suspected Serious Injury,Dark-Not Lighted,On Roadway - Non-Intersection,Not a Collision with Motor Vehicle,Glenwood Rd,Dry,02:10:00,"[""None Used"",""Lap and Shoulder Belt Used"",""Lap and Shoulder Belt Used"",""Lap and Shoulder Belt Used"",""Lap and Shoulder Belt Used""]",Clear,0.0,33.73795053,-84.25260642,Unincorporated,DeKalb,,"[""Motor Vehicle in Motion"",""Pedestrian""]","[""Failure to Yield"",""Other Unit Contributed to Crash""]","[""Motor Vehicle in Motion"",""Motor Vehicle in Motion""]",Pedestrian
0.0,2.0,Emory Police Department,2024-04-16,Dickey Dr Ne and Eagle Row Ne,(B) Suspected Minor/Visible Injury,Daylight,On Roadway - In Crosswalk,Not a Collision with Motor Vehicle,Eagle Row Ne,Dry,14:50:00,"[""None Used"",""None Used"",""None Used""]",Clear,0.0,33.79167155,-84.32756581,Atlanta,DeKalb,,"[""Pedestrian"",""Motor Vehicle in Motion"",""Motor Vehicle in Motion""]",Failure to Yield,"[""Pedestrian"",""Motor Vehicle in Motion"",""Motor Vehicle in Motion""]",Pedestrian
0.0,0.0,Atlanta Police Department,2024-04-18,Noble Dr Ne and Johnson Rd Ne,(O) No Injury,Daylight,On Roadway - Roadway Intersection,Rear End,Johnson Rd Ne,Dry,08:00:00,"[""Unknown"",""Unknown""]",Clear,0.0,33.80254826,-84.34120671,Atlanta,DeKalb,,"[""Pedestrian"",""Pedestrian""]",Following Too Close,"[""Motor Vehicle in Motion"",""Motor Vehicle in Motion""]",Pedestrian
0.0,0.0,Dekalb Co Police Department,2024-05-02,Kensington Parc Cir and Kensington Parc Way,(K) Fatal Injury,Daylight,On Roadway - Non-Intersection,Not a Collision with Motor Vehicle,Kensington Parc Way,Dry,19:17:00,"[""Unknown"",""Unknown""]",Clear,1.0,33.78144457,-84.24987782,Unincorporated,DeKalb,,"[""Pedestrian"",""Pedestrian""]",,"[""Pedestrian"",""Pedestrian""]",Pedestrian
0.0,0.0,Clarkston Police Department,2024-05-05,Montreal Rd and North Indian Creek Dr,(C) Possible Injury / Complaint,Daylight,On Roadway - Roadway Intersection,Not a Collision with Motor Vehicle,Montreal Rd,Dry,12:12:00,"[""Lap and Shoulder Belt Used"",""None Used""]",Clear,0.0,33.81174805,-84.24163967,Clarkston,DeKalb,,"[""Motor Vehicle in Motion"",""Motor Vehicle in Motion""]",Failure to Yield,"[""Pedestrian"",""Pedestrian""]",Pedestrian
0.0,1.0,Clarkston Police Department,2024-05-05,Montreal Rd and Clarkston Industrial Blvd,(B) Suspected Minor/Visible Injury,Dark-Lighted,On Roadway - Non-Intersection,Not a Collision with Motor Vehicle,Clarkston Industrial Blvd,Dry,03:45:00,Unknown,Clear,0.0,33.81767169,-84.24466281,Clarkston,DeKalb,,"[""Motor Vehicle in Motion"",""Pedestrian""]","[""Disregard Other Traffic Control"",""Wrong Side of Road"",""Improper Passing""]","[""Pedestrian"",""Pedestrian""]",Pedestrian
0.0,0.0,Dekalb Co Police Department,2024-05-21,N Decatur Rd and Dekalb Industrial Way,(O) No Injury,Daylight,On Roadway - In Crosswalk,Not a Collision with Motor Vehicle,N Decatur Rd,Dry,18:35:00,"[""Unknown"",""Unknown""]",Clear,0.0,33.79383052,-84.27645608,Unincorporated,DeKalb,,"[""Pedestrian"",""Motor Vehicle in Motion""]","[""Failure to Yield"",""Other Unit Contributed to Crash""]","[""Pedestrian"",""Motor Vehicle in Motion""]",Pedestrian
0.0,1.0,Decatur Police Department,2024-05-22,Ponce De Leon Place and W Ponce De Leon Ave,(B) Suspected Minor/Visible Injury,Daylight,On Roadway - In Crosswalk,Not a Collision with Motor Vehicle,W Ponce De Leon Ave,Dry,12:05:00,Lap and Shoulder Belt Used,Clear,0.0,33.77561377,-84.30106661,Decatur,DeKalb,,"[""Pedestrian"",""Other/Unknown""]",Failure to Yield,"[""Pedestrian"",""Pedestrian""]",Pedestrian
0.0,1.0,Dekalb Co Police Department,2024-05-23,Valley Brook Rd and E Ponce De Leon Ave,(B) Suspected Minor/Visible Injury,Daylight,On Roadway - In Crosswalk,Not a Collision with Motor Vehicle,Valley Brook Rd,Dry,15:30:00,"[""Unknown"",""None Used""]",Clear,0.0,33.79509048,-84.26297675,Unincorporated,DeKalb,,"[""Pedestrian"",""Motor Vehicle in Motion""]",Failure to Yield,"[""Motor Vehicle in Motion"",""Pedestrian""]",Pedestrian
0.0,0.0,Decatur Police Department,2024-05-24,Commerce Dr and W Ponce De Leon Ave,(C) Possible Injury / Complaint,Daylight,On Roadway - Roadway Intersection,Angle Crash,W Ponce De Leon Ave,Dry,00:00:00,Lap and Shoulder Belt Used,Clear,0.0,33.77556287,-84.29886206,Decatur,DeKalb,,"[""Motor Vehicle in Motion"",""Pedestrian""]",Failure to Yield,"[""Motor Vehicle in Motion"",""Pedestrian""]",Pedestrian
0.0,1.0,Decatur Police Department,2024-06-19,Commerce Dr and W Trinity Pl,(B) Suspected Minor/Visible Injury,Daylight,On Roadway - Roadway Intersection,Not a Collision with Motor Vehicle,Commerce Dr,Dry,13:56:00,Lap and Shoulder Belt Used,Cloudy,0.0,33.77356396,-84.29884381,Decatur,DeKalb,,"[""Motor Vehicle in Motion"",""Motor Vehicle in Motion""]","[""Failure to Yield"",""Disregard Other Traffic Control""]","[""Pedestrian"",""Pedestrian""]",Pedestrian
0.0,1.0,Dekalb Co Police Department,2024-06-21,Haygood Dr and N Decatur Rd,(B) Suspected Minor/Visible Injury,Daylight,On Roadway - In Crosswalk,Not a Collision with Motor Vehicle,N Decatur Rd,Dry,14:37:00,"[""None Used"",""Lap and Shoulder Belt Used""]",Clear,0.0,33.79198483,-84.31469585,Atlanta,DeKalb,,"[""Motor Vehicle in Motion"",""Pedestrian""]","[""Disregard Other Traffic Control"",""Other Unit Contributed to Crash""]","[""Motor Vehicle in Motion"",""Pedestrian""]",Pedestrian
0.0,0.0,Decatur Police Department,2024-06-25,Atlanta Ave and W Howard Ave,(C) Possible Injury / Complaint,Daylight,On Roadway - Roadway Intersection,Not a Collision with Motor Vehicle,W Howard Ave,Dry,12:35:00,Lap and Shoulder Belt Used,Clear,0.0,33.76733119,-84.30478445,Decatur,DeKalb,,"[""Pedestrian"",""Motor Vehicle in Motion""]",Failure to Yield,"[""Pedestrian"",""Pedestrian""]",Pedestrian
0.0,1.0,Dekalb Co Police Department,2024-06-28,Columbia Dr and Memorial Dr,(B) Suspected Minor/Visible Injury,Daylight,On Roadway - Roadway Intersection,Not a Collision with Motor Vehicle,Memorial Dr,Dry,12:30:00,"[""None Used"",""Lap and Shoulder Belt Used""]",Clear,0.0,33.7548363,-84.26777899,Unincorporated,DeKalb,,"[""Pedestrian"",""Pedestrian""]",Other Unit Contributed to Crash,"[""Motor Vehicle in Motion"",""Motor Vehicle in Motion""]",Pedestrian
0.0,0.0,Dekalb Co Police Department,2024-06-28,Farris Dr and Glenwood Rd,(C) Possible Injury / Complaint,Daylight,On Roadway - Roadway Intersection,Not a Collision with Motor Vehicle,Glenwood Rd,Dry,17:23:00,None Used,Clear,0.0,33.73810969,-84.26177767,Unincorporated,DeKalb,,"[""Pedestrian"",""Pedestrian""]","[""Failure to Yield"",""Other Unit Contributed to Crash""]","[""Pedestrian"",""Pedestrian""]",Pedestrian
0.0,0.0,Emory Police Department,2024-07-03,Clifton Rd Ne and Lowergate Dr Ne,(C) Possible Injury / Complaint,Daylight,On Roadway - In Crosswalk,Not a Collision with Motor Vehicle,Lowergate Dr Ne,Dry,07:15:00,"[""Unknown"",""Unknown"",""Unknown""]",Clear,0.0,33.79187455,-84.32096541,Atlanta,DeKalb,,"[""Pedestrian"",""Motor Vehicle in Motion""]","[""Not Visible (Object, Person, or Vehicle)"",""Other Unit Contributed to Crash""]","[""Pedestrian"",""Motor Vehicle in Motion""]",Pedestrian
0.0,0.0,Dekalb Co Police Department,2024-07-05,Candler Rd and Glenwood Rd,(K) Fatal Injury,Daylight,Off Roadway - Sidewalk,Not a Collision with Motor Vehicle,Glenwood Rd,Dry,09:15:00,"[""Unknown"",""None Used""]",Cloudy,1.0,33.7388029,-84.28815253,Unincorporated,DeKalb,,"[""Curb"",""Motor Vehicle in Motion""]","[""Driver Lost Control - Speed Related"",""Other Unit Contributed to Crash""]","[""Pedestrian"",""Motor Vehicle in Motion""]",Pedestrian
0.0,1.0,Decatur Police Department,2024-07-12,None and 300 W Ponce De Leon Ave,(B) Suspected Minor/Visible Injury,Daylight,On Roadway - Non-Intersection,Not a Collision with Motor Vehicle,300 W Ponce De Leon Ave,Dry,09:05:00,None Used,Clear,0.0,33.77559897,-84.30055143,Decatur,DeKalb,,"[""Pedestrian"",""Pedestrian""]",,"[""Motor Vehicle in Motion"",""Motor Vehicle in Motion""]",Pedestrian
0.0,1.0,Dekalb Co Police Department,2024-07-16,Starvine Way and Clairmont Rd,(B) Suspected Minor/Visible Injury,Daylight,On Roadway - Roadway Intersection,Not a Collision with Motor Vehicle,Clairmont Rd,Dry,14:55:00,"[""None Used"",""Unknown""]",Clear,0.0,33.79871927,-84.30723827,Unincorporated,DeKalb,,"[""Motor Vehicle in Motion"",""Pedestrian""]","[""Disregard Other Traffic Control"",""Other Unit Contributed to Crash""]","[""Motor Vehicle in Motion"",""Pedestrian""]",Pedestrian
1.0,0.0,Dekalb Co Police Department,2024-07-18,Briarcliff Rd and Vista Valley Dr,(A) Suspected Serious Injury,Daylight,On Roadway - Non-Intersection,Not a Collision with Motor Vehicle,Briarcliff Rd,Wet,15:49:00,None Used,Rain,0.0,33.81494746,-84.33632383,Unincorporated,DeKalb,,"[""Motor Vehicle in Motion"",""Motor Vehicle in Motion""]","[""Driver Condition"",""Other Unit Contributed to Crash""]","[""Pedestrian"",""Motor Vehicle in Motion""]",Pedestrian
1.0,0.0,Atlanta Police Department,2024-08-02,Glenwood Ave Se and Fayetteville Rd Se,(A) Suspected Serious Injury,Daylight,On Roadway - Non-Intersection,Not a Collision with Motor Vehicle,Glenwood Ave Se,Dry,14:38:00,"[""Unknown"",""None Used""]",Clear,0.0,33.74005358,-84.31053206,Atlanta,DeKalb,,"[""Pedestrian"",""Motor Vehicle in Motion""]","[""Other Unit Contributed to Crash"",""Disregard Other Traffic Control""]","[""Pedestrian"",""Motor Vehicle in Motion""]",Pedestrian
0.0,0.0,Atlanta Police Department,2024-08-04,None and I-20 Rp,(K) Fatal Injury,Dark-Lighted,On Shoulder,Not a Collision with Motor Vehicle,I-20 Rp,Dry,01:30:00,,Clear,1.0,33.74534637,-84.34544457,Atlanta,DeKalb,,"[""Pedestrian"",""Motor Vehicle in Motion""]",Reckless Driving,"[""Pedestrian"",""Motor Vehicle in Motion""]",Pedestrian
0.0,0.0,Decatur Police Department,2024-08-06,Avery St and E College Ave,(C) Possible Injury / Complaint,Daylight,On Roadway - Roadway Intersection,Not a Collision with Motor Vehicle,Avery St,Dry,08:19:00,Lap and Shoulder Belt Used,Clear,0.0,33.77177555,-84.29037388,Decatur,DeKalb,,"[""Motor Vehicle in Motion"",""Pedestrian""]",Failure to Yield,"[""Motor Vehicle in Motion"",""Pedestrian""]",Pedestrian
1.0,0.0,Dekalb Co Police Department,2024-08-16,Midway Rd and 3570 Columbia Dr,(A) Suspected Serious Injury,Daylight,On Roadway - Driveway Intersection,Not a Collision with Motor Vehicle,3570 Columbia Dr,Dry,00:00:00,"[""None Used"",""Lap and Shoulder Belt Used""]",Clear,0.0,33.75524713,-84.26830887,Unincorporated,DeKalb,,"[""Pedestrian"",""Motor Vehicle in Motion""]","[""Failure to Yield"",""Not Visible (Object, Person, or Vehicle)""]","[""Pedestrian"",""Motor Vehicle in Motion""]",Pedestrian
0.0,0.0,Dekalb Co Police Department,2024-08-18,Midway Rd and Covington Hwy,(K) Fatal Injury,Dark-Lighted,On Roadway - Non-Intersection,Not a Collision with Motor Vehicle,Covington Hwy,Wet,05:50:00,"[""None Used"",""Lap and Shoulder Belt Used""]",Clear,1.0,33.76551992,-84.25141871,Unincorporated,DeKalb,,"[""Motor Vehicle in Motion"",""Pedestrian""]",,"[""Pedestrian"",""Pedestrian""]",Pedestrian
0.0,0.0,Dekalb Co Police Department,2024-08-29,Lefferts Pl and Flat Shoals Rd,(C) Possible Injury / Complaint,Dark-Lighted,On Roadway - Roadway Intersection,Not a Collision with Motor Vehicle,Flat Shoals Rd,Dry,20:50:00,"[""Unknown"",""None Used""]",Clear,0.0,33.7251338,-84.32121604,Unincorporated,DeKalb,,"[""Pedestrian"",""Pedestrian""]",,"[""Pedestrian"",""Pedestrian""]",Pedestrian
0.0,0.0,Dekalb Co Police Department,2024-09-06,Milscott Dr and Dekalb Industrial Way,(C) Possible Injury / Complaint,Daylight,On Roadway - Roadway Intersection,Not a Collision with Motor Vehicle,Dekalb Industrial Way,Dry,11:33:00,"[""None Used"",""Unknown""]",Clear,0.0,33.79612887,-84.278231,Unincorporated,DeKalb,,"[""Motor Vehicle in Motion"",""Pedestrian""]",Other Unit Contributed to Crash,"[""Motor Vehicle in Motion"",""Pedestrian""]",Pedestrian
0.0,0.0,Dekalb Co Police Department,2024-09-10,Mcafee Rd and Columbia Dr,(C) Possible Injury / Complaint,Daylight,On Roadway - Roadway Intersection,Not a Collision with Motor Vehicle,Mcafee Rd,Dry,15:10:00,None Used,Clear,0.0,33.73144705,-84.25215709,Unincorporated,DeKalb,,"[""Pedestrian"",""Pedestrian""]","[""Disregard Stop Sign/Signal"",""Other Unit Contributed to Crash""]","[""Pedestrian"",""Pedestrian""]",Pedestrian
0.0,0.0,Atlanta Police Department,2024-09-14,Kirkwood Rd Ne and Hosea L Williams Dr Se,(O) No Injury,Daylight,On Roadway - Non-Intersection,Not a Collision with Motor Vehicle,Hosea L Williams Dr Se,Wet,11:44:00,Unknown,Rain,0.0,33.75118668,-84.32185724,Atlanta,DeKalb,,"[""Pedestrian"",""Pedestrian"",""Pedestrian""]",,"[""Pedestrian"",""Pedestrian"",""Pedestrian""]",Pedestrian
0.0,0.0,Dekalb Co Police Department,2024-09-16,Calhoun St and N Decatur Rd,(K) Fatal Injury,Dark-Not Lighted,On Roadway - Non-Intersection,Not a Collision with Motor Vehicle,N Decatur Rd,Dry,00:00:00,"[""Unknown"",""None Used""]",Clear,1.0,33.79295686,-84.26004351,Unincorporated,DeKalb,,"[""Pedestrian"",""Motor Vehicle in Motion""]",,"[""Pedestrian"",""Motor Vehicle in Motion""]",Pedestrian
0.0,0.0,Atlanta Police Department,2024-09-24,Emerson St Se and Brownwood Ave Se,(C) Possible Injury / Complaint,Daylight,On Roadway - Driveway Intersection,Angle Crash,Brownwood Ave Se,Dry,11:35:00,Lap and Shoulder Belt Used,Clear,0.0,33.7385176,-84.34803534,Atlanta,DeKalb,,"[""Motor Vehicle in Motion"",""Motor Vehicle in Motion"",""Pedestrian""]","[""Improper Backing"",""Other Unit Contributed to Crash"",""Other Unit Contributed to Crash""]","[""Motor Vehicle in Motion"",""Motor Vehicle in Motion"",""Motor Vehicle in Motion""]",Pedestrian
0.0,1.0,Dekalb Co Police Department,2024-09-24,Memorial Dr and Covington Dr,(B) Suspected Minor/Visible Injury,Dark-Not Lighted,On Roadway - Non-Intersection,Not a Collision with Motor Vehicle,Covington Dr,Dry,23:55:00,"[""Unknown"",""Non-Motorist Lighting""]",Clear,0.0,33.76239343,-84.25758677,Unincorporated,DeKalb,,"[""Pedestrian"",""Pedestrian""]","Not Visible (Object, Person, or Vehicle)","[""Motor Vehicle in Motion"",""Motor Vehicle in Motion""]",Pedestrian
0.0,0.0,Dekalb Co Police Department,2024-10-03,Redan Rd and Covington Hwy,(K) Fatal Injury,Dark-Not Lighted,On Roadway - In Crosswalk,Not a Collision with Motor Vehicle,Covington Hwy,Dry,06:03:00,"[""None Used"",""Unknown""]",Clear,1.0,33.75919206,-84.24082145,Unincorporated,DeKalb,,"[""Motor Vehicle in Motion"",""Pedestrian""]","[""Disregard Stop Sign/Signal"",""Not Visible (Object, Person, or Vehicle)""]","[""Motor Vehicle in Motion"",""Pedestrian""]",Pedestrian
0.0,1.0,Atlanta Police Department,2024-10-13,Memorial Dr Se and Oakridge Ave Se,(B) Suspected Minor/Visible Injury,Daylight,On Roadway - Non-Intersection,Not a Collision with Motor Vehicle,Memorial Dr Se,Dry,10:13:00,"[""Lap and Shoulder Belt Used"",""None Used""]",Clear,0.0,33.74706516,-84.29392898,Atlanta,DeKalb,,"[""Motor Vehicle in Motion"",""Pedestrian""]","[""Other Unit Contributed to Crash"",""Reaction to Object or Animal""]","[""Motor Vehicle in Motion"",""Motor Vehicle in Motion""]",Pedestrian
0.0,0.0,Decatur Police Department,2024-10-16,E Court Square and E Ponce De Leon Ave,(C) Possible Injury / Complaint,Dark-Lighted,On Roadway - Non-Intersection,Not a Collision with Motor Vehicle,E Ponce De Leon Ave,Dry,19:20:00,Lap and Shoulder Belt Used,Clear,0.0,33.77551722,-84.29586257,Decatur,DeKalb,,"[""Pedestrian"",""Motor Vehicle in Motion""]",,"[""Pedestrian"",""Motor Vehicle in Motion""]",Pedestrian
0.0,0.0,Atlanta Police Department,2024-10-18,Warren St Se and Hosea L Williams Dr Se,(C) Possible Injury / Complaint,Daylight,On Roadway - In Crosswalk,Not a Collision with Motor Vehicle,Hosea L Williams Dr Se,Dry,16:10:00,Unknown,Clear,0.0,33.75335079,-84.32621816,Atlanta,DeKalb,,"[""Pedestrian"",""Motor Vehicle in Motion""]","[""Failure to Yield"",""Other Unit Contributed to Crash""]","[""Pedestrian"",""Motor Vehicle in Motion""]",Pedestrian
0.0,0.0,Atlanta Police Department,2024-10-22,Flat Shoals Ave Se and Metropolitan Ave Se,(C) Possible Injury / Complaint,Daylight,On Roadway - Roadway Intersection,Not a Collision with Motor Vehicle,Metropolitan Ave Se,Dry,15:00:00,"[""Unknown"",""None Used""]",Clear,0.0,33.7418858,-84.34723889,Atlanta,DeKalb,,"[""Motor Vehicle in Motion"",""Pedestrian""]","[""Inattentive or Other Distraction (Distracted)"",""Other Unit Contributed to Crash""]","[""Motor Vehicle in Motion"",""Pedestrian""]",Pedestrian
0.0,0.0,Dekalb Co Police Department,2024-11-01,Hyland Dr and Columbia Dr,(O) No Injury,Daylight,Off Roadway - Sidewalk,Not a Collision with Motor Vehicle,Columbia Dr,Dry,08:11:00,"[""Unknown"",""Unknown"",""Unknown""]",Clear,0.0,33.72970297,-84.25215531,Unincorporated,DeKalb,,"[""Motor Vehicle in Motion"",""Pedestrian"",""Pedestrian""]",Failure to Yield,"[""Motor Vehicle in Motion"",""Pedestrian"",""Pedestrian""]",Pedestrian